{
  "linear_regression": {
    "mae": 1.0681384017561109,
    "rmse": 2.008028964531461,
    "r2": 0.3317556239596079
  },
  "random_forest": {
    "mae": 1.110403398252958,
    "rmse": 2.1016097972427286,
    "r2": 0.268019460074586
  },
  "lightgbm": {
    "mae": 1.1028134405014447,
    "rmse": 2.1028679125713987,
    "r2": 0.2671428067690965
  },
  "ensemble": {
    "mae": 1.0816775601878774,
    "rmse": 2.024763082056241,
    "r2": 0.3205714475357835
  }
}